Date,Open,High,Low,Close
03-Apr-06,11342.96,11579.1,11342.96,11564.36
04-Apr-06,11599.8,11710.69,11570.11,11638.01
05-Apr-06,11671.14,11755.2,11653.39,11746.9
07-Apr-06,11845.13,11930.66,11564.87,11589.44
10-Apr-06,11620.38,11691.92,11535.28,11662.55
12-Apr-06,11693.15,11702.77,11302.78,11355.73
13-Apr-06,11366.91,11380.83,11008.43,11237.23
17-Apr-06,11323.74,11560.9,11323.74,11539.68
18-Apr-06,11624.97,11834.77,11624.97,11821.57
19-Apr-06,11880.05,11986.09,11799.62,11895.98
20-Apr-06,11941.49,12053.74,11866.21,12039.55
21-Apr-06,12053.9,12102,11860.35,12030.3
24-Apr-06,12063.73,12071.07,11882.48,11915.24
25-Apr-06,11943.08,11953,11621.61,11646.78
26-Apr-06,11677.05,11965.09,11635.4,11938.53
27-Apr-06,11968.8,12086.91,11803.49,11835.02
28-Apr-06,11698.68,11877.32,11344.61,11851.93
29-Apr-06,11881.51,12061.06,11881.51,12042.56
02-May-06,12103.78,12288.51,12103.78,12218.78
03-May-06,12231.12,12337.01,12134.19,12310.72
04-May-06,12343.63,12482.91,12264.14,12347.63
05-May-06,12373.47,12443.54,12304.59,12359.7
08-May-06,12393.22,12511.07,12393.22,12462.47
09-May-06,12488.38,12546.47,12356.04,12513.86
10-May-06,12546.93,12624.37,12530.98,12612.38
11-May-06,12631.54,12671.11,12397.02,12435.41
12-May-06,12400.71,12421.76,12224.44,12285.11
15-May-06,12272.64,12272.64,11770.76,11822.2
16-May-06,11861.18,11954.51,11378.96,11873.73
17-May-06,11962.87,12238.81,11962.87,12217.81
18-May-06,12163.98,12163.98,11330.45,11391.43
19-May-06,11549.67,11697.11,10799.01,10938.61
22-May-06,11071.63,11142.9,9826.91,10481.77
23-May-06,10590.67,10859.2,10185.48,10822.78
24-May-06,10830.98,11000.96,10504.59,10573.15
25-May-06,10520.9,10720.67,10274.93,10666.32
26-May-06,10735.14,11050.77,10735.14,10809.35
29-May-06,10855.03,10992.38,10781.61,10853.14
30-May-06,10886.61,10988.23,10722.92,10786.63
31-May-06,10679.49,10679.49,10111.96,10398.61
01-Jun-06,10472.46,10597.23,10017.82,10071.42
02-Jun-06,10104.57,10477.35,10011.45,10451.33
05-Jun-06,10537.08,10552.38,10186.33,10213.48
06-Jun-06,10087.96,10192.73,9884.89,9957.32
07-Jun-06,9919.28,10051.81,9609.21,9756.76
08-Jun-06,9664.9,9664.9,9200.8,9295.81
09-Jun-06,9270.78,9849.2,9262.2,9810.46
12-Jun-06,9858.47,9859.38,9428.03,9476.15
13-Jun-06,9360.06,9360.06,8993.58,9062.65
14-Jun-06,9156.97,9387.06,8799.01,8929.44
15-Jun-06,9133.36,9589.05,9092.16,9545.06
16-Jun-06,9703.06,10118.28,9703.06,9884.51
19-Jun-06,9903.11,10049.94,9755.21,9997.84
20-Jun-06,9958.33,9958.33,9745.17,9822.52
21-Jun-06,9828.93,10054.05,9752.65,10040.14
22-Jun-06,10093.38,10362.74,10093.38,10275.88
23-Jun-06,10201.31,10453.61,10025.19,10401.3
25-Jun-06,10443.6,10510.07,10367.04,10412.93
26-Jun-06,10427.85,10451.47,9991.12,10042.06
27-Jun-06,10058.29,10224.26,9901.58,10151.01
28-Jun-06,10067.55,10204.66,9909.76,10129.7
29-Jun-06,10193.94,10326.05,10109.56,10162.16
30-Jun-06,10316.12,10626.84,10316.12,10609.25
03-Jul-06,10616.97,10729.92,10589.46,10695.26
04-Jul-06,10755.45,10800.11,10644.72,10662.22
05-Jul-06,10641.33,10940.45,10611.35,10919.64
06-Jul-06,10836.49,10839.53,10703,10767.97
07-Jul-06,10813.75,10887.67,10440.02,10509.53
10-Jul-06,10484.25,10704.78,10461.73,10684.3
11-Jul-06,10699.62,10704.01,10566.71,10614.35
12-Jul-06,10604.64,10939.68,10549.85,10930.09
13-Jul-06,10922.61,10922.61,10797.49,10858.5
14-Jul-06,10782.98,10782.98,10563.76,10678.22
17-Jul-06,10647.26,10647.26,10262.57,10293.22
18-Jul-06,10336.62,10406.43,10149.85,10226.78
19-Jul-06,10320.59,10408.16,9972.73,10007.34
20-Jul-06,10189.67,10409.58,10189.67,10352.94
21-Jul-06,10336.38,10336.38,10035.24,10085.91
24-Jul-06,10042.47,10252.75,9875.35,10215.37
25-Jul-06,10351.75,10443.05,10302.62,10415.61
26-Jul-06,10465.34,10648.77,10362.61,10617.27
27-Jul-06,10671.77,10762.67,10589.68,10741.59
28-Jul-06,10787.65,10787.65,10603.83,10680.23
31-Jul-06,10759.19,10853.91,10710.29,10743.88
01-Aug-06,10737.5,10777.47,10645.99,10751.66
02-Aug-06,10747.13,10891.38,10730.13,10876.19
03-Aug-06,10929.03,11081.9,10875.87,10923.16
04-Aug-06,10939.8,11039.34,10810.04,10866.51
07-Aug-06,10863.28,10869.66,10780.01,10812.64
08-Aug-06,10839.53,11028.02,10839.53,11014.97
09-Aug-06,10990.73,11187.65,10939.21,11145.18
10-Aug-06,11175,11213.03,11051.75,11149.17
11-Aug-06,11181.34,11241.11,11069.25,11192.46
14-Aug-06,11221.86,11330.3,11221.86,11312.99
16-Aug-06,11384.05,11507.92,11384.05,11448.31
17-Aug-06,11498.47,11551.59,11379.44,11477.48
18-Aug-06,11498.51,11508.17,11409.11,11465.72
21-Aug-06,11488.03,11531.6,11375.9,11511.68
22-Aug-06,11547.42,11619.86,11460.93,11502.62
23-Aug-06,11579.92,11579.92,11374.86,11406.65
24-Aug-06,11367.74,11566.89,11297.23,11531.95
25-Aug-06,11589.35,11635.25,11542.1,11572.2
28-Aug-06,11583.73,11633.35,11552.44,11619.52
29-Aug-06,11651.96,11739.77,11651.96,11706.85
30-Aug-06,11735.05,11756.08,11643.38,11723.92
31-Aug-06,11754.07,11794.43,11675.08,11699.05
01-Sep-06,11699.57,11795.02,11666.01,11778.02
04-Sep-06,11824.49,11939.96,11824.49,11914.21
05-Sep-06,11927.42,11945.53,11847.93,11904.6
06-Sep-06,11908.53,11983.48,11904.92,11933.21
07-Sep-06,11893.33,11921.3,11815.43,11853.85
08-Sep-06,11859.44,11940.58,11825.22,11918.65
11-Sep-06,11959.56,11971.6,11505.6,11550.69
12-Sep-06,11564.95,11671.8,11444.18,11660.79
13-Sep-06,11723.78,11938.41,11723.78,11893.79
14-Sep-06,11936.8,12003.68,11892.24,11973.02
15-Sep-06,11977.69,12041.7,11847.61,12009.59
18-Sep-06,12006.19,12114.95,12006.19,12071.3
19-Sep-06,12103.44,12152.6,11915.21,11970.47
20-Sep-06,11946.32,12128.99,11833.61,12109.14
21-Sep-06,12167.91,12285.9,12167.91,12274.27
22-Sep-06,12244.41,12303.42,12170.2,12236.78
25-Sep-06,12257.27,12273.71,12145.09,12173.91
26-Sep-06,12206.79,12331.45,12160.58,12321.19
27-Sep-06,12359.01,12442.82,12339.98,12366.91
28-Sep-06,12388.66,12431.79,12340.17,12380.74
29-Sep-06,12414.66,12485.17,12381.29,12454.42
03-Oct-06,12473.79,12489.28,12343.8,12366.39
04-Oct-06,12401.09,12419.65,12178.83,12204.01
05-Oct-06,12299.21,12415.97,12299.21,12389.41
06-Oct-06,12391.26,12434.22,12357.69,12372.81
09-Oct-06,12335.82,12429.74,12261.49,12365.83
10-Oct-06,12416.43,12481.93,12341.34,12363.77
11-Oct-06,12446.72,12514.18,12301.51,12353.49
12-Oct-06,12387.89,12558.71,12315.02,12537.98
13-Oct-06,12632.62,12756.23,12632.62,12736.42
16-Oct-06,12785.03,12953.76,12785.03,12928.18
17-Oct-06,12981.53,12994.45,12819.35,12883.83
18-Oct-06,12875.38,12920.59,12830.84,12858.48
19-Oct-06,12881.8,12925.6,12654.98,12723.59
20-Oct-06,12756.41,12849.02,12679.85,12709.4
21-Oct-06,12785.29,12837.28,12714.72,12736.82
23-Oct-06,12757.31,12766.3,12612.36,12623.28
26-Oct-06,12636.16,12718.31,12636.16,12698.41
27-Oct-06,12741.85,12921.23,12741.85,12906.81
30-Oct-06,12925.43,13039.3,12844.85,13024.26
31-Oct-06,13048.76,13075.85,12907.94,12961.9
01-Nov-06,12992.62,13050.73,12937.3,13033.04
02-Nov-06,13062.52,13137.74,13014.65,13091.12
03-Nov-06,13119.34,13146.86,13017.84,13130.79
06-Nov-06,13155.11,13206.87,13111.65,13186.89
07-Nov-06,13208.79,13300.69,13135.21,13156.66
08-Nov-06,13176.08,13202.68,12950.07,13072.51
09-Nov-06,13107.78,13192.89,13069.85,13137.49
10-Nov-06,13187.51,13303.85,13104.98,13282.91
13-Nov-06,13295.24,13410.08,13287.28,13399
14-Nov-06,13439.71,13486.74,13380.77,13425.5
15-Nov-06,13476.28,13506.08,13390.79,13469.37
16-Nov-06,13500.7,13588.01,13459.28,13505.89
17-Nov-06,13678.04,13678.04,13383.43,13429.48
20-Nov-06,13390.95,13463.06,13200.36,13430.71
21-Nov-06,13434.58,13630.41,13434.58,13616.77
22-Nov-06,13625.09,13740.39,13625.09,13706.53
23-Nov-06,13667.13,13790.82,13643.47,13680.83
24-Nov-06,13669.81,13767.85,13665.52,13703.33
27-Nov-06,13716.46,13799.08,13716.46,13773.59
28-Nov-06,13690.67,13691.12,13577.38,13601.95
29-Nov-06,13649.2,13711.76,13586.04,13616.73
30-Nov-06,13630.9,13745.16,13630.58,13696.31
01-Dec-06,13729.67,13857.81,13725.78,13844.78
04-Dec-06,13846.71,13912.54,13828.51,13874.33
05-Dec-06,14028.47,14028.47,13905.65,13937.65
06-Dec-06,13951.09,14035.3,13847.67,13949
07-Dec-06,13962.94,14002.72,13915.74,13972.03
08-Dec-06,14007.67,14009.56,13756.86,13799.49
11-Dec-06,13783,13801.98,13261.73,13399.43
12-Dec-06,13413.61,13492.21,12801.65,12995.02
13-Dec-06,13011.37,13223,12830.38,13181.34
14-Dec-06,13256.81,13524.77,13239.79,13487.16
15-Dec-06,13545.6,13669.65,13545.6,13614.52
18-Dec-06,13695.6,13744.17,13416.4,13731.09
19-Dec-06,13737.36,13748.62,13237.39,13382.01
20-Dec-06,13452.69,13568.09,13232.56,13340.21
21-Dec-06,13313.91,13441.36,13182.35,13384.86
22-Dec-06,13398.13,13493.88,13362.11,13471.74
26-Dec-06,13501.44,13726.62,13490.77,13708.34
27-Dec-06,13734.01,13911.59,13734.01,13859.69
28-Dec-06,13893.29,13960.39,13819.77,13846.34
29-Dec-06,13873.03,13929.1,13770.06,13786.91
02-Jan-07,13827.77,13980.54,13797.44,13942.24
03-Jan-07,13969.45,14035.67,13897.42,14014.92
04-Jan-07,14029.04,14060.35,13850.38,13871.71
05-Jan-07,13768.79,13971.82,13763.39,13860.52
08-Jan-07,13855.89,13855.89,13599.87,13652.15
09-Jan-07,13650.96,13748.42,13493.38,13566.33
10-Jan-07,13569.57,13569.57,13336.52,13362.16
11-Jan-07,13331.38,13667.8,13303.22,13630.71
12-Jan-07,13729.07,14070.88,13729.07,14056.53
15-Jan-07,14110.44,14202.12,14103.12,14129.64
16-Jan-07,14146,14211.15,14070.65,14114.73
17-Jan-07,14116.25,14185.12,14089.63,14131.34
18-Jan-07,14165.77,14325.92,14140.35,14217.75
19-Jan-07,14271.24,14300.11,14067.52,14182.71
22-Jan-07,14217.8,14259.07,14111.75,14209.24
23-Jan-07,14212.12,14212.12,14025.74,14041.24
24-Jan-07,14069.61,14156.46,14043.54,14110.46
25-Jan-07,14151.62,14307.19,14115.4,14282.72
29-Jan-07,14306.97,14316.54,14185.92,14211.96
31-Jan-07,14219.38,14269.31,14045.61,14090.92
01-Feb-07,14124.36,14278.08,14109.91,14267.18
02-Feb-07,14293.11,14462.77,14293.11,14403.77
05-Feb-07,14432.09,14526.51,14372.36,14515.9
06-Feb-07,14541.24,14564.8,14452.78,14478.19
07-Feb-07,14493.56,14663.26,14478.45,14643.13
08-Feb-07,14690.58,14697.69,14523.16,14652.09
09-Feb-07,14684.35,14723.88,14493.67,14538.9
12-Feb-07,14529.28,14529.28,14146.22,14190.7
13-Feb-07,14168.33,14363.74,13957.7,14090.98
14-Feb-07,13990.41,14036.61,13805.36,14009.9
15-Feb-07,14107.09,14372.96,14107.09,14355.55
19-Feb-07,14406.88,14479.18,14372.07,14402.9
20-Feb-07,14449.23,14466.76,14230.47,14253.38
21-Feb-07,14199.07,14312.88,14157.72,14188.49
22-Feb-07,14200.11,14287.03,13978.05,14021.31
23-Feb-07,14071.27,14071.27,13568.08,13632.53
26-Feb-07,13684.95,13723.4,13383.88,13649.52
27-Feb-07,13703.41,13703.41,13408.56,13478.83
28-Feb-07,13045.12,13298.52,12800.91,12938.09
01-Mar-07,13013.74,13193.13,12861.35,13159.55
02-Mar-07,13139.1,13254.03,12836.75,12886.13
05-Mar-07,12716.85,12716.85,12344.44,12415.04
06-Mar-07,12573.01,12760.22,12427.13,12697.09
07-Mar-07,12792.9,12902.18,12390.46,12579.75
08-Mar-07,12649.77,13099.83,12596.86,13049.35
09-Mar-07,13107.37,13145.72,12788.16,12884.99
12-Mar-07,12916.67,13056.86,12844.99,12902.63
13-Mar-07,12924.5,13026.85,12817.62,12982.98
14-Mar-07,12694.36,12694.36,12504.1,12529.62
15-Mar-07,12655.94,12789.81,12510.75,12543.85
16-Mar-07,12570.52,12638.78,12316.1,12430.4
19-Mar-07,12484.64,12655,12426.66,12644.99
20-Mar-07,12746.94,12798.8,12674.77,12705.94
21-Mar-07,12735.91,12964.94,12664.33,12945.88
22-Mar-07,13071.81,13326.24,13071.81,13308.03
23-Mar-07,13343.57,13386.95,13196.9,13285.93
26-Mar-07,13345.73,13345.73,13090.8,13124.32
28-Mar-07,13034.27,13035.56,12861.18,12884.34
29-Mar-07,12862.53,13004.4,12832.69,12979.66
30-Mar-07,13018.21,13111.87,12984.13,13072.1
02-Apr-07,12811.93,12811.93,12425.52,12455.37
03-Apr-07,12503.75,12657.75,12481.86,12624.58
04-Apr-07,12691.24,12835.36,12691.24,12786.77
05-Apr-07,12791.6,12899.31,12711.5,12856.08
09-Apr-07,12904.85,13194,12904.85,13177.74
10-Apr-07,13236.2,13236.2,13075.48,13189.54
11-Apr-07,13221.76,13294.9,13161.21,13183.24
12-Apr-07,13127.86,13160.15,13030.87,13113.81
13-Apr-07,13163.02,13421.05,13119.88,13384.08
16-Apr-07,13479.49,13708.4,13479.49,13695.58
17-Apr-07,13733.18,13755.76,13581.04,13607.04
18-Apr-07,13602.9,13762.92,13602.9,13672.19
19-Apr-07,13538.71,13658.11,13423.64,13619.7
20-Apr-07,13684.95,13915.62,13684.95,13897.41
23-Apr-07,13972.81,14046.52,13879.39,13928.33
24-Apr-07,13893.72,14197.32,13850.07,14136.72
25-Apr-07,14141.7,14238.29,14052.17,14217.77
26-Apr-07,14273.17,14383.72,14127.18,14228.88
27-Apr-07,14219.25,14219.25,13884.53,13908.58
30-Apr-07,13823.4,13901.12,13693.59,13872.37
03-May-07,13987.77,14107.06,13987.77,14078.21
04-May-07,14129.89,14189.21,13912.92,13934.27
07-May-07,14044.71,14067.07,13861.38,13879.25
08-May-07,13886,13956.4,13741.24,13765.46
09-May-07,13771.69,13806.37,13612.04,13781.51
10-May-07,13823.36,13976.79,13745.23,13771.23
11-May-07,13691.86,13864.18,13554.34,13796.16
14-May-07,13954.41,14026.02,13924.02,13965.86
15-May-07,13948.91,14023.86,13885.46,13929.33
16-May-07,13949.81,14159.36,13936.88,14127.31
17-May-07,14217.36,14352.98,14217.36,14299.71
18-May-07,14261.47,14337.06,14201.01,14303.41
21-May-07,14362.63,14451.3,14362.63,14418.6
22-May-07,14459,14483.59,14348.26,14453.72
23-May-07,14490.03,14500.64,14325.89,14363.26
24-May-07,14344.7,14389.66,14174.05,14218.11
25-May-07,14073.61,14364.95,14046.06,14338.45
28-May-07,14467.85,14527.47,14368.4,14397.89
29-May-07,14418.98,14530.15,14372.07,14508.21
30-May-07,14501.46,14576.37,14379.21,14411.38
31-May-07,14451.31,14573.81,14448.57,14544.46
01-Jun-07,14610.28,14682.1,14539.89,14570.75
04-Jun-07,14618.78,14683.36,14465.68,14495.77
05-Jun-07,14514.2,14571.31,14432.67,14535.01
06-Jun-07,14551.53,14590.82,14234.07,14255.93
07-Jun-07,14195.84,14362.58,14139.09,14186.18
08-Jun-07,14063.94,14229.22,14010.61,14063.81
11-Jun-07,14170.81,14268.91,14057.63,14083.41
12-Jun-07,14122.33,14153.44,13946.99,14130.95
13-Jun-07,14139.92,14152.79,13968.38,14003.03
14-Jun-07,14087.91,14219.24,14087.91,14203.72
15-Jun-07,14277.61,14326.55,14112.53,14162.71
18-Jun-07,14241.76,14283.71,14057.26,14080.14
19-Jun-07,14088.58,14315.18,14058.79,14295.5
20-Jun-07,14359.96,14449.38,14347.58,14411.95
21-Jun-07,14415.56,14526.44,14406.67,14499.24
22-Jun-07,14508.63,14560.32,14441.76,14467.36
25-Jun-07,14469.43,14521.62,14424.71,14487.72
26-Jun-07,14478.75,14560.48,14478.75,14501.08
27-Jun-07,14520.19,14520.19,14407.12,14431.06
28-Jun-07,14498.05,14537.04,14435.24,14504.57
29-Jun-07,14589.52,14663.25,14574.45,14650.51
02-Jul-07,14685.16,14745.97,14638.88,14664.26
03-Jul-07,14720,14828.39,14720,14806.51
04-Jul-07,14868.14,14906.93,14790.75,14880.24
05-Jul-07,14932.53,14963.26,14731.22,14861.89
06-Jul-07,14843.43,15007.22,14826.56,14964.12
09-Jul-07,15018.71,15085.22,15005.47,15045.73
10-Jul-07,15100.13,15114.95,14966.4,15009.88
11-Jul-07,14948.15,15015.35,14829.55,14910.62
12-Jul-07,14963.53,15112.22,14963.53,15092.04
13-Jul-07,15216.83,15330.73,15216.83,15272.72
16-Jul-07,15295.03,15341.38,15239.41,15311.22
17-Jul-07,15357.6,15440.2,15272.46,15289.82
18-Jul-07,15296.06,15325.78,15160.27,15301.17
19-Jul-07,15357.38,15593.31,15357.38,15550.13
20-Jul-07,15625.63,15683.03,15524.68,15565.55
23-Jul-07,15560.57,15773.37,15477.91,15732.2
24-Jul-07,15802.19,15868.85,15742.32,15794.92
25-Jul-07,15711.87,15771.26,15572.98,15699.33
26-Jul-07,15768.28,15812.27,15654.4,15776.31
27-Jul-07,15487.76,15495.51,15159.68,15234.57
30-Jul-07,15278.03,15451.81,15135.25,15260.91
31-Jul-07,15358.69,15568.85,15224.82,15550.99
01-Aug-07,15344.02,15344.02,14910.52,14935.77
02-Aug-07,15022.87,15134.53,14896.47,14985.7
03-Aug-07,15061.13,15235.51,15061.13,15138.4
06-Aug-07,14892.6,14928.8,14705.58,14903.03
07-Aug-07,15038.03,15142.04,14901.83,14932.77
08-Aug-07,15088.07,15340.24,15088.07,15307.98
09-Aug-07,15452.44,15542.4,15062.1,15100.15
10-Aug-07,14674.92,14901.31,14570.89,14868.25
13-Aug-07,14965.65,15044.74,14869.15,15017.21
14-Aug-07,15066.71,15069.64,14964.66,15000.91
16-Aug-07,14584.92,14584.92,14345.03,14358.21
17-Aug-07,14309.37,14318.56,13779.88,14141.52
20-Aug-07,14512.28,14680.09,14406.91,14427.55
21-Aug-07,14512.19,14534.51,13941.93,13989.11
22-Aug-07,14055.4,14281.48,13870.7,14248.66
23-Aug-07,14458.33,14554.93,14128.72,14163.98
24-Aug-07,14237.26,14455.49,14163.61,14424.87
27-Aug-07,14581.35,14858.93,14581.35,14842.38
28-Aug-07,14857.65,14952.04,14751.68,14919.19
29-Aug-07,14651.49,15029.53,14592.11,14993.04
30-Aug-07,15168.69,15200.81,15053.98,15121.74
31-Aug-07,15131.36,15350.91,15131.36,15318.6
03-Sep-07,15401.99,15427.16,15323.05,15422.05
04-Sep-07,15478.53,15521.48,15389.62,15465.4
05-Sep-07,15535.35,15580.86,15407,15446.15
06-Sep-07,15383.18,15637.74,15350.18,15616.31
07-Sep-07,15655.37,15716.06,15565.22,15590.42
10-Sep-07,15413.58,15626.28,15363.53,15596.83
11-Sep-07,15668.4,15698.98,15506.1,15542.77
12-Sep-07,15608.5,15661.44,15486.81,15505.36
13-Sep-07,15547.66,15650.14,15547.66,15614.44
14-Sep-07,15713.66,15824.65,15568.36,15603.8
17-Sep-07,15664.74,15726.06,15467.46,15504.43
18-Sep-07,15547.07,15691.88,15468.8,15669.12
19-Sep-07,15940.79,16335.3,15940.79,16322.75
20-Sep-07,16341.55,16415.88,16261.36,16347.95
21-Sep-07,16352.32,16616.84,16308.09,16564.23
24-Sep-07,16697.89,16869.64,16599.66,16845.83
25-Sep-07,16890.75,16928.02,16676.98,16899.54
26-Sep-07,16969.45,17073.87,16887.07,16921.39
27-Sep-07,17059.61,17188.4,17018.56,17150.56
28-Sep-07,17152.31,17361.47,17152.31,17291.1
01-Oct-07,17356.99,17425.34,17144.58,17328.62
03-Oct-07,17467.41,17953.07,17288.41,17847.04
04-Oct-07,17799.63,17890.49,17494.7,17777.14
05-Oct-07,17831.68,17979.18,17708.8,17773.36
08-Oct-07,17901.94,17982.59,17322.14,17491.39
09-Oct-07,17402.24,18327.42,17287.19,18280.24
10-Oct-07,18473.43,18703.67,18436.99,18658.25
11-Oct-07,18696.62,18832.65,18536.97,18814.07
12-Oct-07,18794.63,18844.62,18336,18419.04
15-Oct-07,18525.61,19095.75,18525.61,19058.67
16-Oct-07,19102.93,19174.45,18777.75,19051.86
17-Oct-07,18037.9,18841.29,17307.9,18715.82
18-Oct-07,18827.46,19198.66,17771.16,17998.39
19-Oct-07,18031.77,18031.77,17226.18,17559.98
22-Oct-07,17259.65,17704.83,17171.45,17613.99
23-Oct-07,17910.3,18542.41,17910.3,18492.84
24-Oct-07,18727.9,18832.49,18317.17,18512.91
25-Oct-07,18519.23,18900.1,18459.51,18770.89
26-Oct-07,18823.66,19276.45,18629.53,19243.17
29-Oct-07,19621.39,20024.87,19621.39,19977.67
30-Oct-07,20103.44,20238.16,19694.85,19783.51
31-Oct-07,19827.4,19984.13,19735.21,19837.99
01-Nov-07,20130.23,20204.21,19634.47,19724.35
02-Nov-07,19364.61,20025.63,19255.77,19976.23
05-Nov-07,20009.35,20009.35,19502.45,19590.78
06-Nov-07,19689.79,19919.34,19337.85,19400.67
07-Nov-07,19552.53,19678.5,19249.47,19289.83
08-Nov-07,19110.4,19209.91,18917.4,19058.93
09-Nov-07,19282.7,19329.57,18737.22,18907.6
12-Nov-07,18640.52,18815.11,18333.21,18737.27
13-Nov-07,18681.1,19210.48,18636.21,19035.48
14-Nov-07,19336.96,19987.71,19336.96,19929.06
15-Nov-07,19947.72,19967.08,19723.2,19784.89
16-Nov-07,19603.09,19838.03,19472.51,19698.36
19-Nov-07,19895.49,19971.44,19583.97,19633.36
20-Nov-07,19510.94,19714.22,19196.42,19280.8
21-Nov-07,19197.57,19218.88,18515.3,18602.62
22-Nov-07,18724.11,18744.55,18182.83,18526.32
23-Nov-07,18737.22,18910.46,18548.06,18852.87
26-Nov-07,19171.25,19360.23,19137.66,19247.54
27-Nov-07,19128.86,19211.58,19019.33,19127.73
28-Nov-07,19316.76,19316.76,18884.2,18938.87
29-Nov-07,19290.67,19297.01,18930.31,19003.26
30-Nov-07,19136.12,19424.99,19006.89,19363.19
03-Dec-07,19547.09,19619.44,19446.68,19603.41
04-Dec-07,19707.59,19707.86,19482.34,19529.5
05-Dec-07,19628.85,19790.92,19560.68,19738.07
06-Dec-07,20018.17,20064.31,19716.57,19795.87
07-Dec-07,20063.5,20094.56,19706.43,19966
10-Dec-07,20074.92,20095.69,19834.01,19930.68
11-Dec-07,20049.35,20333.06,20019.34,20290.89
12-Dec-07,20197.44,20419.11,20045.42,20375.87
13-Dec-07,20498.11,20498.11,20065.63,20104.39
14-Dec-07,20108.09,20171.57,19936.49,20030.83
17-Dec-07,20032.67,20032.67,19177.19,19261.35
18-Dec-07,19339.14,19375.07,19009.35,19079.64
19-Dec-07,19255.39,19397.76,18886.4,19091.96
20-Dec-07,19210.22,19291.14,19097.7,19162.57
24-Dec-07,19308.2,19879,19308.2,19854.12
26-Dec-07,19940.96,20211.47,19896.61,20192.52
27-Dec-07,20301.05,20323.76,20159.73,20216.72
28-Dec-07,20158.12,20259.45,20022.88,20206.95
31-Dec-07,20323.28,20484.28,20239.63,20286.99
01-Jan-08,20325.27,20394.89,20220.46,20300.71
02-Jan-08,20393.1,20529.48,20077.4,20465.3
03-Jan-08,20403.91,20519.7,20293.87,20345.2
04-Jan-08,20367.94,20762.8,20367.94,20686.89
07-Jan-08,20637.21,20861.83,20438.19,20812.65
08-Jan-08,20970.07,21077.53,20696.6,20873.33
09-Jan-08,20903,21113.13,20701.49,20869.78
10-Jan-08,20930.28,21206.77,20530.07,20582.08
11-Jan-08,20702.94,20894.79,20505.81,20827.45
14-Jan-08,20918.23,20985.62,20661.9,20728.05
15-Jan-08,20836.47,20872.93,20203.63,20251.09
16-Jan-08,20079.89,20079.89,19513.25,19868.11
17-Jan-08,19972.75,20026.12,19643.76,19700.82
18-Jan-08,19579.61,19715.78,18930.42,19013.7
21-Jan-08,18919.57,18919.57,16951.5,17605.35
22-Jan-08,16884.09,17068.57,15332.42,16729.94
23-Jan-08,17415.26,17997.11,16951.03,17594.07
24-Jan-08,17920.98,18185.1,17070.05,17221.74
25-Jan-08,17504,18406.25,17504,18361.66
28-Jan-08,18011.89,18213.21,17443.29,18152.78
29-Jan-08,18346.49,18491.06,17927.92,18091.94
30-Jan-08,18120.22,18129.18,17683.51,17758.64
31-Jan-08,17810.13,18008.71,17417.63,17648.71
01-Feb-08,17820.67,18312.4,17534.96,18242.58
04-Feb-08,18496.03,18895.34,18439.33,18660.32
05-Feb-08,18592.58,18729.83,18509.54,18663.16
06-Feb-08,18247.03,18274.15,17936.01,18139.49
07-Feb-08,18198.68,18198.68,17492.28,17526.93
08-Feb-08,17610.07,17688.73,17203.06,17464.89
11-Feb-08,17427.34,17427.34,16457.74,16630.91
12-Feb-08,16812.63,16966.72,16565.48,16608.01
13-Feb-08,16816.94,17141.06,16725.68,16949.14
14-Feb-08,17265.19,17838.08,17265.19,17766.63
15-Feb-08,17541.17,18142.92,17445.05,18115.25
18-Feb-08,18228.21,18256.82,17900.96,18048.05
19-Feb-08,18215.26,18314.1,18018.48,18075.66
20-Feb-08,17991.29,17991.29,17505.56,17617.6
21-Feb-08,17825.22,17911.66,17482.31,17734.68
22-Feb-08,17515.62,17526.8,17294.73,17349.07
25-Feb-08,17523.81,17674.06,17137.99,17650.57
26-Feb-08,17799.56,17860.1,17678.74,17806.19
27-Feb-08,17983.42,18137.28,17770.65,17825.99
28-Feb-08,17810.52,17921.51,17690.16,17824.48
29-Feb-08,17779.54,17779.54,17258.2,17578.72
03-Mar-08,17227.56,17227.56,16634.63,16677.88
04-Mar-08,16742.2,16754.06,16164.57,16339.89
05-Mar-08,16328.91,16595.64,16253.02,16542.08
07-Mar-08,16211.96,16211.96,15689.92,15975.52
10-Mar-08,15684.24,15998.33,15362.17,15923.72
11-Mar-08,15778.27,16168.13,15739.04,16123.15
12-Mar-08,16541.14,16683.37,16064.09,16127.98
13-Mar-08,15873.28,15873.28,15228.99,15357.35
14-Mar-08,15467.39,15798.42,15331.35,15760.52
17-Mar-08,15326.93,15326.93,14738.27,14809.49
18-Mar-08,14725.68,15169.61,14677.24,14833.46
19-Mar-08,15325.79,15465.81,14930.08,14994.83
24-Mar-08,15093.77,15351.31,15056.09,15289.4
25-Mar-08,15612.61,16262.38,15612.61,16217.49
26-Mar-08,16270.12,16309.88,16009.87,16086.83
27-Mar-08,15950.29,16111.44,15869.09,16015.56
28-Mar-08,16100.26,16452.08,15884.45,16371.29
31-Mar-08,16226.66,16226.66,15563.15,15644.44
01-Apr-08,15771.72,15834.05,15297.96,15626.62
02-Apr-08,16023.3,16236.7,15719.47,15750.4
03-Apr-08,15805.63,16002.73,15699.21,15832.55
04-Apr-08,15896.09,15896.09,15303.04,15343.12
07-Apr-08,15390.15,15851.88,15321.56,15757.08
08-Apr-08,15770.16,15770.4,15479.42,15587.62
09-Apr-08,15512.7,15829.59,15464.72,15790.51
10-Apr-08,15754.87,15953.54,15655.2,15695.1
11-Apr-08,15840.56,15957.24,15673.67,15807.64
15-Apr-08,15694.41,16249.46,15573.03,16153.66
16-Apr-08,16288.76,16413.8,16198.56,16244.19
17-Apr-08,16456.04,16570.57,16397.17,16481.2
21-Apr-08,16611.41,16778.59,16611.41,16739.33
22-Apr-08,16686.55,16853.96,16597.53,16783.87
23-Apr-08,16823.99,16871.27,16589.45,16698.04
24-Apr-08,16796.26,16844.02,16668.6,16721.08
25-Apr-08,16781.97,17150.92,16781.97,17125.98
28-Apr-08,17251.56,17271.56,16978.89,17015.96
29-Apr-08,17050.87,17424.94,17011.6,17378.46
30-Apr-08,17479.01,17480.74,17241.88,17287.31
02-May-08,17560.15,17621.24,17445.93,17600.12
05-May-08,17687,17735.7,17457.27,17490.9
06-May-08,17441.41,17502.15,17237.68,17373.01
07-May-08,17404.15,17413.81,17229.98,17339.31
08-May-08,17212.61,17212.61,17038.03,17080.65
09-May-08,17020.79,17125.95,16678.94,16737.07
12-May-08,16641.45,16897.36,16546.55,16860.9
13-May-08,17008.03,17085.63,16697.47,16752.86
14-May-08,16691.3,17014.94,16626.35,16978.35
15-May-08,17084.89,17366.19,17079.94,17353.54
16-May-08,17476.41,17497.36,17315.52,17434.94
20-May-08,17366.05,17367.13,17136.26,17230.18
21-May-08,17065.61,17293.34,17041.63,17243.16
22-May-08,17104.59,17104.59,16863.38,16907.11
23-May-08,16958.8,17054.34,16626.11,16649.64
26-May-08,16468.32,16498.24,16300.88,16348.5
27-May-08,16454.75,16506.35,16237.92,16275.59
28-May-08,16358.62,16563.3,16217.78,16525.37
29-May-08,16666.03,16666.03,16196.02,16316.26
30-May-08,16454.03,16540.49,16314.99,16415.57
02-Jun-08,16591.46,16632.72,15991.21,16063.18
03-Jun-08,15851.72,15985.4,15709.51,15962.56
04-Jun-08,15992.9,15992.9,15442.34,15514.79
05-Jun-08,15479.65,15814.8,15314.02,15769.72
06-Jun-08,15914.41,15970.7,15526.5,15572.18
09-Jun-08,15115.97,15202.74,14846.18,15066.1
10-Jun-08,14979.96,15088.03,14645.31,14889.25
11-Jun-08,15018.68,15225.81,15009.48,15185.32
12-Jun-08,14957.53,15270.85,14747.99,15250.2
13-Jun-08,15327.1,15337.1,15135.81,15189.62
16-Jun-08,15333.07,15553.37,15333.07,15395.82
17-Jun-08,15388.36,15732.75,15357.98,15696.9
18-Jun-08,15744.21,15789.62,15390.22,15422.31
19-Jun-08,15250.47,15259.36,15051.66,15087.99
20-Jun-08,15168.05,15202.01,14519.27,14571.29
23-Jun-08,14423.05,14510.55,14163.45,14293.32
24-Jun-08,14313.33,14432.9,13991.31,14106.58
25-Jun-08,13856.07,14248.65,13731.54,14220.07
26-Jun-08,14300.72,14449.81,14196.68,14421.82
27-Jun-08,14127.76,14127.76,13760.24,13802.22
30-Jun-08,13791.02,13872.06,13405.54,13461.6
01-Jul-08,13480.02,13613.82,12904.09,12961.68
02-Jul-08,12948.05,13712.31,12822.75,13664.62
03-Jul-08,13530.68,13530.68,12934.92,13094.11
04-Jul-08,13127.1,13509.74,13027.79,13454
07-Jul-08,13561.92,13793.39,13475.78,13525.99
08-Jul-08,13292.8,13451.67,13049.96,13349.65
09-Jul-08,13581.41,13998.48,13581.41,13964.26
10-Jul-08,13861.6,14047.43,13763.94,13926.24
11-Jul-08,14032.06,14066.36,13351.34,13469.85
14-Jul-08,13360.34,13559.36,13269.62,13330.51
15-Jul-08,13067.08,13067.08,12605,12676.19
16-Jul-08,12740.78,12935.25,12514.02,12575.8
17-Jul-08,12909.57,13150.35,12843.79,13111.85
18-Jul-08,13234.53,13684.27,13093.34,13635.4
21-Jul-08,13782.13,13878.88,13581.19,13850.04
22-Jul-08,13837.64,14206.13,13798.18,14104.2
23-Jul-08,14568.22,14979.9,14568.22,14942.28
24-Jul-08,15082.37,15130.09,14608.05,14777.01
25-Jul-08,14451.95,14484.39,14210.63,14274.94
28-Jul-08,14267.03,14421.61,14219.38,14349.11
29-Jul-08,14085.53,14153.12,13727.14,13791.54
30-Jul-08,14007.32,14322.67,14002.19,14287.21
31-Jul-08,14359.48,14369.59,14161.76,14355.75
01-Aug-08,14064.26,14682.33,14032.87,14656.69
04-Aug-08,14594.64,14725.94,14503.51,14577.87
05-Aug-08,14562.68,14986.63,14529.21,14961.07
06-Aug-08,15263.65,15422.82,15035.6,15073.54
07-Aug-08,15031.86,15280.06,14992.97,15117.25
08-Aug-08,15036.57,15228.82,14888.12,15167.82
11-Aug-08,15430.31,15520.71,15367.97,15503.92
12-Aug-08,15577.2,15579.78,15124.91,15212.13
13-Aug-08,15030.21,15272.56,15013.06,15093.12
14-Aug-08,15017.68,15033.28,14686.66,14724.18
18-Aug-08,14681.14,14824.92,14600.65,14645.66
19-Aug-08,14517.76,14604.11,14368.72,14543.73
20-Aug-08,14610.57,14746.2,14584.03,14678.23
21-Aug-08,14646.98,14646.98,14201.18,14243.73
22-Aug-08,14153.39,14428.52,14136.86,14401.49
25-Aug-08,14643.37,14672.69,14416.2,14450.35
26-Aug-08,14338.27,14495.27,14286.38,14482.22
27-Aug-08,14563.1,14563.1,14261.69,14296.79
28-Aug-08,14289.97,14347.19,14002.43,14048.34
29-Aug-08,14279.02,14586.16,14279.02,14564.53
01-Sep-08,14412.99,14547.41,14281.1,14498.51
02-Sep-08,14609.44,15106.15,14543.21,15049.86
04-Sep-08,14895.85,14994.15,14766.01,14899.1
05-Sep-08,14569.01,14601.39,14438.59,14483.83
08-Sep-08,14978.24,15107.01,14917.06,14944.97
09-Sep-08,14852.2,14998.32,14714.92,14900.76
10-Sep-08,14717.53,14866.32,14609.83,14662.61
11-Sep-08,14557.33,14557.33,14265.38,14324.29
12-Sep-08,14432.08,14433.2,13933.87,14000.81
15-Sep-08,13666.28,13666.28,13150.81,13531.27
16-Sep-08,13086.02,13556.03,13051.73,13518.8
17-Sep-08,13620.74,13620.74,13127.96,13262.9
18-Sep-08,12712.82,13346.79,12558.14,13315.6
19-Sep-08,13763.83,14097.44,13674.96,14042.32
22-Sep-08,14215.33,14221.04,13917.48,13994.96
23-Sep-08,13721.42,13978.26,13543.47,13570.31
24-Sep-08,13630.54,13840.81,13592.79,13692.52
25-Sep-08,13716.88,13716.88,13430.68,13547.18
26-Sep-08,13481.85,13486.2,13054.42,13102.18
29-Sep-08,13109.96,13113.53,12402.84,12595.75
30-Sep-08,12178.18,12995.2,12153.55,12860.43
01-Oct-08,13006.72,13203.86,12697.3,13055.67
03-Oct-08,12899.62,13001.19,12472.61,12526.32
06-Oct-08,12284.49,12284.49,11732.97,11801.7
07-Oct-08,12068.11,12181.43,11501.85,11695.24
08-Oct-08,11316.24,11405.73,10740.76,11328.36
10-Oct-08,10632.27,10904.13,10239.76,10527.85
13-Oct-08,10817.68,11361.32,10817.68,11309.09
14-Oct-08,11781.43,11870.22,11410.49,11483.4
15-Oct-08,11245.27,11257.15,10760.33,10809.12
16-Oct-08,10284.9,10787.2,10017.8,10581.49
17-Oct-08,10763.34,10786.93,9911.32,9975.35
20-Oct-08,10160.47,10538.05,10023.28,10223.09
21-Oct-08,10428.11,10750.2,10250.23,10683.39
22-Oct-08,10455.23,10484.85,10128.22,10169.9
23-Oct-08,9683.41,10260.55,9681.28,9771.7
24-Oct-08,9535.41,9570.71,8566.82,8701.07
27-Oct-08,8599.58,8739.48,7697.39,8509.56
28-Oct-08,8957.38,9056.97,8909.34,9008.08
29-Oct-08,9297.76,9297.76,8894.34,9044.51
31-Oct-08,9361.66,9870.42,9361.66,9788.06
03-Nov-08,10209.37,10373.17,10112.66,10337.68
04-Nov-08,10304.57,10668.48,10116.22,10631.12
05-Nov-08,10931.17,10945.41,10051.52,10120.01
06-Nov-08,9755.03,10109.45,9635.22,9734.22
07-Nov-08,9631.59,10065.37,9631.59,9964.29
10-Nov-08,10154.56,10570.58,10095.9,10536.16
11-Nov-08,10405.39,10405.39,9799.45,9839.69
12-Nov-08,9683.75,9928.6,9376.73,9536.33
14-Nov-08,9799.25,9836.11,9267.49,9385.42
17-Nov-08,9396.93,9435.89,8956.68,9291.01
18-Nov-08,9084.12,9169.05,8871.71,8937.2
19-Nov-08,8970.67,9236.27,8726.8,8773.78
20-Nov-08,8400.88,8540.46,8316.39,8451.01
21-Nov-08,8446.74,8988.03,8442.31,8915.21
24-Nov-08,8840.53,9042.02,8701.93,8903.12
25-Nov-08,9160.5,9182.8,8649.4,8695.53
26-Nov-08,8768.2,9061.72,8658.53,9026.72
28-Nov-08,8889.18,9157.62,8889.18,9092.72
01-Dec-08,9162.94,9326.68,8803.34,8839.87
02-Dec-08,8535.83,8785.04,8467.43,8739.24
03-Dec-08,8851.22,8854.81,8601.41,8747.43
04-Dec-08,8779.02,9245.06,8726.71,9229.75
05-Dec-08,9204.69,9340.69,8914.38,8965.2
08-Dec-08,9276.89,9432.11,9095.7,9162.62
10-Dec-08,9316.4,9678.7,9280.16,9654.9
11-Dec-08,9679.32,9746.01,9441.97,9645.46
12-Dec-08,9370.87,9745.51,9281.89,9690.07
15-Dec-08,9821.85,9948.33,9749.29,9832.39
16-Dec-08,9794.48,10009.21,9790.31,9976.98
17-Dec-08,10073.1,10073.1,9682.91,9715.29
18-Dec-08,9710.2,10110.34,9633.04,10076.43
19-Dec-08,10001.33,10188.54,9987.42,10099.91
22-Dec-08,10102.42,10173.34,9894.01,9928.35
23-Dec-08,9821.57,9838.38,9643.56,9686.75
24-Dec-08,9626.07,9653.42,9502.53,9568.72
26-Dec-08,9638.83,9706.38,9294.98,9328.92
29-Dec-08,9318.86,9550.4,9162.66,9533.52
30-Dec-08,9625.13,9785.04,9494.7,9716.16
31-Dec-08,9806.64,9825.9,9587.92,9647.31
01-Jan-09,9720.55,9921.7,9711.64,9903.46
02-Jan-09,9973.06,10070.28,9863.86,9958.22
05-Jan-09,10109.67,10306.17,10069.11,10275.6
06-Jan-09,10258.38,10392.12,10150.68,10335.93
07-Jan-09,10424.96,10469.72,9510.15,9586.88
09-Jan-09,9434.85,9630.4,9250.82,9406.47
12-Jan-09,9316.33,9331.13,9024.45,9110.05
13-Jan-09,9042.36,9261,8992.92,9071.36
14-Jan-09,9207.52,9412.97,9202.57,9370.49
15-Jan-09,9098.08,9123.78,8946.62,9046.74
16-Jan-09,9125.65,9342.47,9125.65,9323.59
19-Jan-09,9381.78,9409.51,9273.47,9329.57
20-Jan-09,9159.76,9159.76,9033.55,9100.55
21-Jan-09,8900.78,9051.31,8734.93,8779.17
22-Jan-09,8905.97,8927.69,8699.32,8813.84
23-Jan-09,8804.15,8858.84,8631.6,8674.35
27-Jan-09,8803.07,9021.97,8789.06,9004.08
28-Jan-09,9077.65,9270.75,9053.8,9257.47
29-Jan-09,9334.47,9379.68,9164.96,9236.28
30-Jan-09,9111.12,9438.31,9087.36,9424.24
02-Feb-09,9363.58,9363.58,9048.97,9066.7
03-Feb-09,9128.99,9302.75,9040.56,9149.3
04-Feb-09,9226.2,9338.21,9164.16,9201.85
05-Feb-09,9241.56,9247.09,9017.08,9090.88
06-Feb-09,9161.49,9321.38,9158.59,9300.86
09-Feb-09,9359,9601.56,9329.23,9583.89
10-Feb-09,9589.95,9724.87,9510.5,9647.47
11-Feb-09,9462.14,9648.39,9459.59,9618.54
12-Feb-09,9559.03,9580.13,9445.54,9465.83
13-Feb-09,9540.6,9695.59,9540.6,9634.74
16-Feb-09,9637.04,9637.04,9279.1,9305.45
17-Feb-09,9213.4,9213.4,8994.34,9035
18-Feb-09,8939.38,9113.92,8922.31,9015.18
19-Feb-09,9034.9,9111.95,8977.66,9042.63
20-Feb-09,8943.78,8943.78,8762.58,8843.21
24-Feb-09,8707.35,8856.52,8619.22,8822.06
25-Feb-09,8913.44,8995.04,8879.72,8902.56
26-Feb-09,8905.56,8998.31,8788.32,8954.86
27-Feb-09,8944.11,8944.11,8728.66,8891.61
02-Mar-09,8762.88,8762.88,8563.52,8607.08
03-Mar-09,8583.06,8635.2,8390.21,8427.29
04-Mar-09,8473.25,8501.46,8373.24,8446.49
05-Mar-09,8535.03,8535.03,8166.97,8197.92
06-Mar-09,8103.75,8347.74,8047.17,8325.82
09-Mar-09,8259.22,8259.22,8110.1,8160.4
12-Mar-09,8274.78,8439.71,8274.78,8343.75
13-Mar-09,8480.74,8793.21,8480.74,8756.61
16-Mar-09,8793.89,8955.73,8697.46,8943.54
17-Mar-09,8942.01,9024.12,8801.79,8863.82
18-Mar-09,8956.3,9120.46,8951.32,8976.68
19-Mar-09,9023.04,9086.77,8900.39,9001.75
20-Mar-09,8951.34,8999.98,8867.13,8966.68
23-Mar-09,9040.3,9454.69,9040.3,9424.02
24-Mar-09,9549.52,9699,9402.64,9471.04
25-Mar-09,9442.3,9706.47,9430.45,9667.9
26-Mar-09,9739.93,10061.36,9739.93,10003.1
27-Mar-09,10036.8,10127.09,9913.4,10048.49
30-Mar-09,9902.35,9902.35,9520.96,9568.14
31-Mar-09,9633.21,9826.22,9547.21,9708.5
01-Apr-09,9745.77,9921.96,9546.29,9901.99
02-Apr-09,10107.25,10432.31,10107.25,10348.83
06-Apr-09,10521.78,10654.89,10410.44,10534.87
08-Apr-09,10283.58,10778.11,10171.91,10742.34
09-Apr-09,10876.15,10932.12,10655.96,10803.86
13-Apr-09,10916.43,11069.54,10800.84,10967.22
15-Apr-09,10805.14,11337.75,10719.18,11284.73
16-Apr-09,11358.06,11367.23,10900.47,10947.4
17-Apr-09,11067.71,11339.47,10946.25,11023.09
20-Apr-09,11065.1,11209.66,10863.28,10979.5
21-Apr-09,10765.39,11068.82,10764.08,10898.11
22-Apr-09,10968.6,11036.24,10715.66,10817.54
23-Apr-09,10841.57,11203.28,10758.97,11134.99
24-Apr-09,11149.47,11362.88,11070.33,11329.05
27-Apr-09,11237.42,11492.1,11176.55,11371.85
28-Apr-09,11371.34,11375.97,10961.76,11001.75
29-Apr-09,11091.56,11430.25,11091.56,11403.25
04-May-09,11635.24,12161.9,11635.24,12134.75
05-May-09,12159.74,12197.88,11985.88,12131.08
06-May-09,12100.69,12272.1,11899.41,11952.75
07-May-09,12064.51,12143.95,11981.13,12116.94
08-May-09,12092.97,12180.07,11765.06,11876.43
11-May-09,11997.37,12026.6,11621.3,11682.99
12-May-09,11629.97,12194.63,11625.39,12158.03
13-May-09,12201.93,12256.43,11934.44,12019.65
14-May-09,11774.04,11935.86,11695.52,11872.91
15-May-09,11948.7,12219.54,11948.7,12173.42
18-May-09,13479.39,14284.21,13479.39,14284.21
19-May-09,14757.82,14930.54,13834.13,14302.03
20-May-09,14230.73,14405.51,13976.49,14060.66
21-May-09,14043.38,14089.51,13704.43,13736.54
22-May-09,13663.54,13936.93,13611.3,13887.15
25-May-09,13988.1,14028.06,13819.25,13913.22
26-May-09,13929.84,13991.46,13518.79,13589.23
27-May-09,13780.41,14122.78,13780.41,14109.64
28-May-09,14150.51,14377.23,14078.62,14296.01
29-May-09,14319.87,14727.28,14319.87,14625.25
01-Jun-09,14746.51,14906.81,14655.49,14840.63
02-Jun-09,14892.93,14994.31,14608.23,14874.91
03-Jun-09,14902.62,15046.43,14733.59,14870.9
04-Jun-09,14755.08,15026.03,14599.43,15008.68
05-Jun-09,15040.24,15257.3,14993.6,15103.55
08-Jun-09,15153.21,15200.82,14604.23,14665.92
09-Jun-09,14618.98,15161.22,14526.69,15127
10-Jun-09,15168.18,15580.81,15168.18,15466.81
11-Jun-09,15517.36,15568.74,15240.73,15411.47
12-Jun-09,15446.82,15600.3,15174.28,15237.94
15-Jun-09,15195.83,15261.03,14807.26,14875.52
16-Jun-09,14788.27,15022.19,14621.97,14957.91
17-Jun-09,14978.5,14996.39,14447.02,14522.84
18-Jun-09,14503.05,14630.73,14188.25,14265.53
19-Jun-09,14321.98,14559.08,14179.77,14521.89
22-Jun-09,14591.28,14668.4,14269.77,14326.22
23-Jun-09,14147.87,14394.19,14016.95,14324.01
24-Jun-09,14376.82,14479.82,14207.02,14422.73
25-Jun-09,14476.15,14578.46,14261.14,14345.62
26-Jun-09,14373.57,14781.94,14373.57,14764.64
29-Jun-09,14815.9,14955.55,14685.45,14785.74
30-Jun-09,14830.97,14907.48,14420.41,14493.84
01-Jul-09,14506.43,14727.49,14355.52,14645.47
02-Jul-09,14694.31,14764.35,14469.69,14658.49
03-Jul-09,14552.72,14945.85,14499.74,14913.05
06-Jul-09,14962.12,15097.87,13959.44,14043.4
07-Jul-09,14103.65,14251.88,14000.68,14170.45
08-Jul-09,14039.58,14039.58,13701.76,13769.15
09-Jul-09,13796.19,13879.18,13643.97,13757.46
10-Jul-09,13803.12,13897.19,13418.39,13504.22
13-Jul-09,13405.95,13461.68,13219.99,13400.32
14-Jul-09,13549.42,13903.48,13549.42,13853.7
15-Jul-09,13917.27,14299.54,13891.04,14253.24
16-Jul-09,14351.97,14493.1,14169.58,14250.25
17-Jul-09,14325.58,14800.7,14325.58,14744.92
20-Jul-09,14854.17,15209.36,14854.17,15191.01
21-Jul-09,15218.83,15234.21,14955.88,15062.49
22-Jul-09,15124.92,15369.42,14786.58,14843.12
23-Jul-09,15008.78,15264.84,14997.75,15231.04
24-Jul-09,15272.01,15418.61,15168.52,15378.96
27-Jul-09,15350.89,15463.09,15228.46,15375.04
28-Jul-09,15428.5,15463.46,15240.53,15331.94
29-Jul-09,15293.19,15379.43,14888.41,15173.46
30-Jul-09,15169.23,15409.91,15065.48,15387.96
31-Jul-09,15449.47,15732.81,15449.47,15670.31
03-Aug-09,15694.78,15963.36,15608.4,15924.23
04-Aug-09,15940.1,16002.46,15699.13,15830.98
05-Aug-09,15882.39,15973.1,15695.11,15903.83
06-Aug-09,15881.47,15969.81,15443.22,15514.03
07-Aug-09,15440.95,15501.94,15104,15160.24
10-Aug-09,15287.14,15417.34,14902.02,15009.77
11-Aug-09,15000.38,15218.65,14864.23,15074.59
12-Aug-09,14953.44,15043.62,14701.05,15020.16
13-Aug-09,15207.96,15545.13,15207.96,15518.49
14-Aug-09,15530.38,15535.47,15367.61,15411.63
17-Aug-09,15284.23,15284.23,14740.63,14784.92
18-Aug-09,14745.8,15134.51,14740.26,15035.26
19-Aug-09,15079.04,15096.94,14684.45,14809.64
20-Aug-09,14930.05,15145,14928.18,15012.32
21-Aug-09,14951.49,15275.17,14835.08,15240.83
24-Aug-09,15362.93,15676.35,15362.93,15628.75
25-Aug-09,15573.91,15735.32,15423.39,15688.47
26-Aug-09,15763.09,15831.49,15695.94,15769.85
27-Aug-09,15711.8,15853.71,15685.49,15781.07
28-Aug-09,15770.19,15957.67,15663.35,15922.34
31-Aug-09,15812.15,15821.35,15589.8,15666.64
01-Sep-09,15691.27,15923.09,15475.28,15551.19
02-Sep-09,15482.05,15628.1,15392.68,15467.46
03-Sep-09,15539.34,15598.18,15356.72,15398.33
04-Sep-09,15425.86,15740.83,15358.94,15689.12
07-Sep-09,15793.27,16035.5,15793.27,16016.32
08-Sep-09,16030.56,16232.16,16030.56,16123.67
09-Sep-09,16111.09,16215.74,16044.77,16183.55
10-Sep-09,16295.92,16434.77,16166.42,16216.86
11-Sep-09,16254.57,16337.98,16130.32,16264.3
14-Sep-09,16185.26,16252.18,16119.95,16214.19
15-Sep-09,16255.42,16477.23,16255.42,16454.45
16-Sep-09,16498.59,16700.56,16498.59,16677.04
17-Sep-09,16686.38,16820.02,16636.55,16711.11
18-Sep-09,16650.05,16765.03,16610.05,16741.3
22-Sep-09,16805.22,16943.49,16763.78,16886.43
23-Sep-09,16905.5,16905.58,16683.78,16719.5
24-Sep-09,16634.08,16834.1,16494.92,16781.43
25-Sep-09,16679.99,16812.02,16613.22,16693
29-Sep-09,16829.11,16907.84,16802.8,16852.91
30-Sep-09,16868.46,17142.52,16868.46,17126.84
01-Oct-09,17186.2,17195.61,17059.36,17134.55
05-Oct-09,17062.01,17062.01,16835.8,16866.41
06-Oct-09,16879.38,16988.56,16622.05,16958.54
07-Oct-09,17069.42,17120.56,16764.07,16806.66
08-Oct-09,16908.02,16998.52,16775.36,16843.54
09-Oct-09,16915.96,16963.08,16606.95,16642.66
12-Oct-09,16687.32,17068.78,16687.32,17026.67
14-Oct-09,17117.9,17274.59,17117.9,17231.11
15-Oct-09,17274.07,17350.39,17092.83,17195.2
16-Oct-09,17196.8,17347.85,17126.55,17322.82
17-Oct-09,17452.56,17493.17,17260.66,17326.01
20-Oct-09,17414.8,17457.26,17185.04,17223.01
21-Oct-09,17229.72,17248.69,16997.86,17009.17
22-Oct-09,17031.54,17031.54,16721.26,16789.74
23-Oct-09,16795.66,17006.77,16765.2,16810.81
26-Oct-09,16808.05,16938.88,16706.08,16740.5
27-Oct-09,16699.09,16699.09,16311.5,16353.4
28-Oct-09,16335.78,16411.14,16144.17,16283.49
29-Oct-09,16191.39,16264.09,15993.83,16052.72
30-Oct-09,16135.87,16360.88,15805.2,15896.28
03-Nov-09,15838.63,15957.06,15330.56,15404.94
04-Nov-09,15487.97,15929.09,15487.97,15912.13
05-Nov-09,15926.13,16092.38,15564.89,16063.9
06-Nov-09,16137.42,16283.86,16075.19,16158.28
09-Nov-09,16190.79,16517.42,16147.21,16498.72
10-Nov-09,16552.43,16677.53,16371.66,16440.56
11-Nov-09,16444.44,16887.8,16405.19,16849.6
12-Nov-09,16822.18,16896.62,16605.01,16696.03
13-Nov-09,16693.15,16909.74,16666.7,16848.83
16-Nov-09,16893.11,17083.2,16893.11,17032.51
17-Nov-09,17036.23,17080.17,16882.98,17050.65
18-Nov-09,17032.01,17098.79,16958.41,16998.78
19-Nov-09,17004.98,17004.98,16712.33,16785.65
20-Nov-09,16772.75,17041.79,16635.75,17021.85
23-Nov-09,17067.14,17214.58,17045.02,17180.18
24-Nov-09,17230.86,17230.86,17027.52,17131.08
25-Nov-09,17149.08,17290.48,17124.15,17198.95
26-Nov-09,17199.05,17202.51,16808.87,16854.93
27-Nov-09,16718.8,16718.8,16210.44,16632.01
30-Nov-09,16655.75,17026.91,16655.75,16926.22
01-Dec-09,16947.46,17218.46,16947.46,17198.27
02-Dec-09,17226.49,17329.68,17142.36,17169.91
03-Dec-09,17199.64,17361.27,17128.21,17185.68
04-Dec-09,17182.23,17291.83,17032.81,17101.54
07-Dec-09,17106.74,17176.62,16943.01,16983.14
08-Dec-09,16984.54,17237.79,16964.11,17227.68
09-Dec-09,17204.32,17227.96,17057.37,17125.22
10-Dec-09,17107,17231.05,17032.3,17189.31
11-Dec-09,17199.74,17351.71,17056.12,17119.03
14-Dec-09,17118.14,17275.19,17048.17,17097.55
15-Dec-09,17150.59,17200.47,16835.78,16877.16
16-Dec-09,16866.95,16996.12,16777.94,16912.77
17-Dec-09,16912.25,16979.52,16826,16894.25
18-Dec-09,16855.91,16899.19,16693.06,16719.83
21-Dec-09,16724.84,16750.99,16577.78,16601.2
22-Dec-09,16633.81,16738.12,16633.81,16692
23-Dec-09,16723.96,17252.09,16723.96,17231.11
24-Dec-09,17265.47,17413.69,17198.09,17360.61
29-Dec-09,17388.67,17486.05,17372.63,17401.56
30-Dec-09,17402.24,17440.05,17322.8,17343.82
31-Dec-09,17365.37,17530.94,17365.37,17464.81
04-Jan-10,17473.45,17582.84,17378.38,17558.73
05-Jan-10,17555.77,17729.78,17555.77,17686.24
06-Jan-10,17719.47,17790.33,17636.71,17701.13
07-Jan-10,17701.97,17733.34,17566.54,17615.72
08-Jan-10,17603.87,17658.12,17508.96,17540.29
11-Jan-10,17724.59,17776.57,17500.79,17526.71
12-Jan-10,17534.1,17612,17392.55,17422.51
13-Jan-10,17368.03,17528.31,17276.46,17509.8
14-Jan-10,17525.71,17628.04,17525.71,17584.87
15-Jan-10,17604.31,17639.85,17529.11,17554.3
18-Jan-10,17538.72,17712.6,17505.5,17641.08
19-Jan-10,17650.82,17664.86,17463.78,17486.06
20-Jan-10,17486.69,17590.59,17425.05,17474.49
21-Jan-10,17474.49,17474.49,17025.26,17051.14
22-Jan-10,16978.36,17000.33,16608.09,16859.68
25-Jan-10,16847.7,16877.77,16705.56,16780.46
27-Jan-10,16708.6,16708.6,16230.85,16289.82
28-Jan-10,16317.16,16524.69,16182.14,16306.87
29-Jan-10,16253.82,16390.31,15982.08,16357.96
01-Feb-10,16339.32,16422.4,16160.8,16356.03
02-Feb-10,16368.44,16525.98,16129.11,16163.44
03-Feb-10,16210.25,16552.99,16210.25,16496.05
04-Feb-10,16500.29,16508.22,16188.8,16224.95
05-Feb-10,16222.56,16222.56,15725.43,15790.93
06-Feb-10,15807.75,15951.07,15807.75,15915.65
08-Feb-10,15931.34,16061.41,15651.99,15935.61
09-Feb-10,15940.73,16094.13,15862.9,16042.18
10-Feb-10,16042.18,16141.13,15892.01,15922.17
11-Feb-10,15928.28,16202.87,15928.28,16152.59
15-Feb-10,16186.9,16227.04,16011.82,16038.35
16-Feb-10,16042.18,16310.39,16021.29,16226.68
17-Feb-10,16228.91,16480.89,16228.91,16428.91
18-Feb-10,16421.2,16452.51,16287.17,16327.84
19-Feb-10,16256.53,16301.94,16074.58,16191.63
22-Feb-10,16191.32,16423.23,16191.32,16237.05
23-Feb-10,16213.14,16324.93,16178.91,16286.32
24-Feb-10,16218.68,16328.44,16187.44,16255.97
25-Feb-10,16264.1,16329.33,16167.13,16254.2
26-Feb-10,16255.33,16669.25,16249.67,16429.55
02-Mar-10,16438.45,16808.49,16438.45,16772.56
03-Mar-10,16778.29,17012.61,16778.29,17000.01
04-Mar-10,17013.68,17024.96,16888.05,16971.7
05-Mar-10,16988.29,17097.71,16936.12,16994.49
08-Mar-10,17034.92,17187.55,17034.92,17102.6
09-Mar-10,17089.22,17130.83,17031.21,17052.54
10-Mar-10,17072.94,17183.51,17027.92,17098.33
11-Mar-10,17087.63,17215.07,17054.28,17167.96
12-Mar-10,17176.02,17244.54,17126.93,17166.62
15-Mar-10,17166.97,17195.49,17061.14,17164.99
16-Mar-10,17169.84,17416.55,17150.06,17383.18
17-Mar-10,17389.47,17576.78,17389.47,17490.08
18-Mar-10,17492.81,17548.13,17417.61,17519.26
19-Mar-10,17531.47,17600.87,17502.14,17578.23
22-Mar-10,17481.96,17559.18,17337.38,17410.57
23-Mar-10,17422.51,17530.79,17356.64,17451.02
25-Mar-10,17458.51,17575.23,17383.21,17558.85
26-Mar-10,17558.85,17682.94,17558.85,17644.76
29-Mar-10,17639.18,17793.01,17639.18,17711.35
30-Mar-10,17703.67,17783.35,17558.22,17590.17
31-Mar-10,17602.39,17699.5,17488.55,17527.77
01-Apr-10,17555.04,17706.56,17555.04,17692.62
05-Apr-10,17693.66,17948.54,17693.66,17935.68
06-Apr-10,17940.32,17991.41,17898,17941.37
07-Apr-10,17915.6,18047.86,17878.31,17970.02
08-Apr-10,17950.56,17960.91,17679.34,17714.4
09-Apr-10,17715.16,17971.47,17715.16,17933.14
12-Apr-10,17874.16,17995.25,17816.19,17853
13-Apr-10,17831.38,17892.78,17736.09,17821.96
15-Apr-10,17804.55,17975.57,17619.02,17639.26
16-Apr-10,17645.91,17663.99,17529.55,17591.18
19-Apr-10,17584.86,17584.86,17276.8,17400.68
20-Apr-10,17394.68,17560.09,17394.68,17460.58
21-Apr-10,17458.76,17565.55,17446.51,17472.56
22-Apr-10,17476.48,17778.34,17408.02,17573.99
23-Apr-10,17533.88,17725.88,17533.88,17694.2
26-Apr-10,17692.26,17826.48,17692.26,17745.28
27-Apr-10,17744.93,17769.25,17678.56,17690.62
28-Apr-10,17643.59,17643.59,17344.58,17380.08
29-Apr-10,17382.09,17532.86,17382.09,17503.47
30-Apr-10,17503.47,17646.61,17503.47,17558.71
03-May-10,17536.86,17536.86,17345.92,17386.08
04-May-10,17371.75,17464.82,17101.96,17137.14
05-May-10,17103.95,17121.66,16858.23,17087.96
06-May-10,17080.47,17080.47,16823,16987.53
07-May-10,16939.58,16939.58,16684.13,16769.11
10-May-10,16799.49,17356.54,16799.49,17330.55
11-May-10,17336.13,17379.15,17104.45,17141.53
12-May-10,17141.53,17252.52,17028.08,17195.81
13-May-10,17323.63,17389.15,17240.35,17265.87
14-May-10,17267.25,17329.32,16923.65,16994.6
17-May-10,16961.92,16961.92,16551,16835.56
18-May-10,16840.59,17000.34,16744.13,16875.76
19-May-10,16802.39,16802.39,16373.32,16408.49
20-May-10,16419.1,16617.8,16419.1,16519.68
21-May-10,16317.94,16486.74,16187.03,16445.61
24-May-10,16494.61,16757.73,16413.03,16469.55
25-May-10,16444.57,16444.57,15960.15,16022.48
26-May-10,16069.78,16410.35,16069.78,16387.84
27-May-10,16410.88,16694.55,16331.1,16666.4
28-May-10,16692.66,16891.17,16692.66,16863.06
31-May-10,16872.17,16971.15,16806.5,16944.63
01-Jun-10,16942.82,16942.82,16318.39,16572.03
02-Jun-10,16574.79,16774.15,16571.45,16741.84
03-Jun-10,16786.28,17072.63,16786.28,17022.33
04-Jun-10,17036.55,17150.42,16963.92,17117.69
07-Jun-10,17069.77,17069.77,16686.73,16781.07
08-Jun-10,16760.6,16895.73,16560.64,16617.1
09-Jun-10,16621.12,16817.69,16591.26,16657.89
10-Jun-10,16668.91,16942.6,16668.91,16922.08
11-Jun-10,16994.07,17131.56,16994.07,17064.95
14-Jun-10,17118.74,17351.18,17118.74,17338.17
15-Jun-10,17355.49,17442.5,17249.46,17412.83
16-Jun-10,17500.3,17530.38,17407.3,17462.87
17-Jun-10,17490.52,17647.42,17394.9,17616.69
18-Jun-10,17628.02,17721.99,17525.29,17570.82
21-Jun-10,17654.81,17919.62,17654.81,17876.55
22-Jun-10,17868.12,17868.12,17725.63,17749.69
23-Jun-10,17694.87,17782.41,17629.19,17755.94
24-Jun-10,17750.51,17845.65,17632.8,17730.24
25-Jun-10,17705.11,17714.73,17546.73,17574.53
28-Jun-10,17577.66,17794.8,17571.85,17774.26
29-Jun-10,17777.95,17777.95,17465.73,17534.09
30-Jun-10,17476.85,17725.04,17373.78,17700.9
01-Jul-10,17679.34,17679.34,17455.41,17509.33
02-Jul-10,17523.47,17598.94,17426.78,17460.95
05-Jul-10,17473.83,17505.73,17423.74,17441.44
06-Jul-10,17402.68,17643.14,17395.58,17614.48
07-Jul-10,17623.66,17623.66,17447.15,17471.03
08-Jul-10,17536.48,17728.37,17536.48,17651.73
09-Jul-10,17667.85,17857.58,17667.85,17833.54
12-Jul-10,17875.97,18010.07,17874.95,17937.2
13-Jul-10,17908.3,17998.04,17855.85,17985.9
14-Jul-10,18024.95,18167.22,17897.26,17938.16
15-Jul-10,17874.71,17978.56,17858.73,17909.46
16-Jul-10,17911.13,17980.27,17892.16,17955.82
19-Jul-10,17914.12,18005.07,17856.4,17928.42
20-Jul-10,17918.43,18040.17,17848.07,17878.14
21-Jul-10,17873.92,18012.2,17873.92,17977.23
22-Jul-10,17978.37,18127.9,17879.88,18113.15
23-Jul-10,18132.29,18237.56,18093.93,18130.98
26-Jul-10,18056.24,18194.09,17993.88,18020.05
27-Jul-10,17998.74,18149.56,17998.74,18077.61
28-Jul-10,18077.85,18137.14,17925.4,17957.37
29-Jul-10,17961.58,18013.1,17902.84,17992
30-Jul-10,17981.06,18000.35,17838.92,17868.29
02-Aug-10,17911.31,18104.24,17911.31,18081.21
03-Aug-10,18149.9,18167.45,18072.38,18114.83
04-Aug-10,18115.56,18249.46,18093.03,18217.44
05-Aug-10,18234.85,18295.43,18156.45,18172.83
06-Aug-10,18165.49,18244.56,18118.19,18143.99
09-Aug-10,18141.11,18309.25,18139.9,18287.5
10-Aug-10,18272.28,18293.4,18170.77,18219.99
11-Aug-10,18177.35,18263.88,18042.89,18070.19
12-Aug-10,17972.65,18113.62,17914.78,18073.9
13-Aug-10,18080.29,18260.39,18050.42,18167.03
16-Aug-10,18169.8,18203.92,17997.46,18050.78
17-Aug-10,18049.19,18140.15,18026,18048.85
18-Aug-10,18067.67,18286,18067.67,18257.12
19-Aug-10,18276.5,18475.27,18276.5,18454.94
20-Aug-10,18444.24,18464.14,18360.9,18401.82
23-Aug-10,18400.33,18454.38,18371.02,18409.35
24-Aug-10,18407.01,18451.73,18260.71,18311.59
25-Aug-10,18308.51,18312.43,18156,18179.64
26-Aug-10,18194.78,18261.06,18159.13,18226.35
27-Aug-10,18205.9,18248.36,17944.16,17998.41
30-Aug-10,18063.48,18216.5,17960.23,18032.11
31-Aug-10,18015.66,18015.66,17819.99,17971.12
01-Sep-10,18027.12,18227.14,18027.12,18205.87
02-Sep-10,18215.28,18355.84,18215.28,18238.31
03-Sep-10,18238.08,18316.32,18206.5,18221.43
06-Sep-10,18124.29,18600.3,18124.29,18560.05
07-Sep-10,18571.73,18711.2,18571.43,18645.06
08-Sep-10,18627.67,18721.21,18540.65,18666.71
09-Sep-10,18669.12,18823.17,18669.12,18799.66
13-Sep-10,18845.31,19243.44,18845.31,19208.33
14-Sep-10,19218.13,19487.02,19218.13,19346.96
15-Sep-10,19343.74,19554.5,19340.99,19502.11
16-Sep-10,19476.93,19636.66,19383.46,19417.49
17-Sep-10,19436.71,19639.18,19436.71,19594.75
20-Sep-10,19445.42,19927.3,19445.42,19906.1
21-Sep-10,19925.79,20088.96,19860.88,20001.55
22-Sep-10,20039.43,20105.54,19804.02,19941.72
23-Sep-10,19944.3,19998.32,19771.63,19861.01
24-Sep-10,19836.43,20071.75,19833.52,20045.18
27-Sep-10,20082.26,20267.98,20082.26,20117.38
28-Sep-10,20114.37,20157.51,19981.96,20104.86
29-Sep-10,20086.89,20234.05,19923.11,19956.34
30-Sep-10,19931.49,20114.73,19864.46,20069.12
01-Oct-10,20094.1,20475.47,20094.1,20445.04
04-Oct-10,20501.21,20706.74,20437.36,20475.73
05-Oct-10,20461.98,20560.54,20383.16,20407.71
06-Oct-10,20448.69,20669.95,20447.05,20543.08
07-Oct-10,20544.3,20581.29,20272.77,20315.32
08-Oct-10,20297.58,20409.19,20145.74,20250.26
11-Oct-10,20291.59,20461.27,20274.95,20339.89
12-Oct-10,20357.79,20368.4,20107.25,20203.34
13-Oct-10,20223.45,20703.97,20211.66,20687.88
14-Oct-10,20700.42,20854.55,20442.82,20497.64
15-Oct-10,20518.5,20578.45,20090.18,20125.05
18-Oct-10,20160.55,20229.39,19870.51,20168.89
19-Oct-10,20298.55,20332.02,19923.96,19983.13
20-Oct-10,19924.02,20043.82,19822.66,19872.15
21-Oct-10,19951.34,20293.1,19886.12,20260.58
22-Oct-10,20334.14,20351.74,20088.67,20165.86
25-Oct-10,20199.73,20452.3,20199.73,20303.12
26-Oct-10,20325.44,20344.68,20189.3,20221.39
27-Oct-10,20220.58,20220.58,19923.71,20005.37
28-Oct-10,20116.49,20185.46,19869.32,19941.04
29-Oct-10,19986.32,20080.33,19768.96,20032.34
01-Nov-10,20272.49,20609.65,20267.1,20355.63
02-Nov-10,20407.18,20418.35,20281.73,20345.69
03-Nov-10,20472.86,20538.8,20426.18,20465.74
04-Nov-10,20605.63,20917.03,20605.63,20893.57
05-Nov-10,21045.66,21108.64,20961.98,21004.96
08-Nov-10,21041.97,21075.71,20822.37,20852.38
09-Nov-10,20851.91,20984.08,20762.81,20932.48
10-Nov-10,20917.54,20970.91,20849.92,20875.71
11-Nov-10,20930.45,20937.38,20544.22,20589.09
12-Nov-10,20529.74,20593.91,20108.4,20156.89
15-Nov-10,20167.62,20335.51,20046.6,20309.69
16-Nov-10,20371.73,20380.1,19832.22,19865.14
18-Nov-10,19997.83,20056.44,19615.51,19930.64
19-Nov-10,19982.75,19982.75,19504.87,19585.44
22-Nov-10,19713.84,19989.02,19641.42,19957.59
23-Nov-10,19841.42,19841.42,19342.69,19691.84
24-Nov-10,19735.28,19835.57,19375.92,19459.85
25-Nov-10,19560.25,19628.27,19257.37,19318.16
26-Nov-10,19391.96,19417.61,18954.82,19136.61
29-Nov-10,19230.34,19450.09,19167.19,19405.1
30-Nov-10,19373.23,19610.46,19218.02,19521.25
01-Dec-10,19529.99,19887.26,19525.15,19850
02-Dec-10,20038.66,20084.25,19917.77,19992.7
03-Dec-10,20007.89,20067.81,19877.12,19966.93
06-Dec-10,20038.25,20217.86,19944.71,19981.31
07-Dec-10,19982.9,20008.36,19824.44,19934.64
08-Dec-10,19874.3,19875.51,19611.35,19696.48
09-Dec-10,19746.15,19771.09,19160.87,19242.36
10-Dec-10,19201.89,19537.4,19074.57,19508.89
13-Dec-10,19600.28,19710.57,19321.41,19691.78
14-Dec-10,19746.75,19836.82,19621.41,19799.19
15-Dec-10,19791.22,19817.61,19571.43,19647.77
16-Dec-10,19698.58,19897.22,19554.35,19864.85
20-Dec-10,19770.02,20006.16,19711.12,19888.88
21-Dec-10,19925.76,20090.84,19925.76,20060.32
22-Dec-10,20118.82,20151.25,19931.31,20015.8
23-Dec-10,20038.83,20076.08,19939.3,19982.88
24-Dec-10,19911.46,20086.42,19880.36,20073.66
27-Dec-10,20062.6,20190.13,20010.33,20028.93
28-Dec-10,20056.47,20090.41,19981.76,20025.42
29-Dec-10,20060.88,20274.2,20054.64,20256.03
30-Dec-10,20274.12,20410.91,20274.12,20389.07
31-Dec-10,20412.76,20552.03,20412.76,20509.09
03-Jan-11,20621.61,20664.8,20531,20561.05
04-Jan-11,20617.38,20651.21,20449.01,20498.72
05-Jan-11,20509.95,20509.95,20243.95,20301.1
06-Jan-11,20395.5,20425.85,20107.17,20184.74
07-Jan-11,20163.85,20210.62,19629.22,19691.81
10-Jan-11,19714.42,19720.43,19158.43,19224.12
11-Jan-11,19279.77,19431.56,19003.6,19196.34
12-Jan-11,19353.34,19574.63,19048.56,19534.1
13-Jan-11,19492.3,19522.38,19136.27,19182.82
14-Jan-11,19198.04,19447.82,18811.96,18860.44
17-Jan-11,18911.43,19018.94,18779.38,18882.25
18-Jan-11,18983.2,19120.62,18933.47,19092.05
19-Jan-11,19153.31,19167.06,18898.56,18978.32
20-Jan-11,18892.43,19100.26,18794.73,19046.54
21-Jan-11,19007.08,19065.34,18932.4,19007.53
24-Jan-11,19095.69,19194.46,18998.38,19151.28
25-Jan-11,19227.42,19340.99,18949.44,18969.45
27-Jan-11,19086.69,19086.69,18656.05,18684.43
28-Jan-11,18708.62,18723.12,18235.45,18395.97
31-Jan-11,18226.21,18395.09,18038.48,18327.76
01-Feb-11,18425.18,18452.06,17982.17,18022.22
02-Feb-11,18216.91,18306,18042.61,18090.62
03-Feb-11,18113.73,18466.21,18064.61,18449.31
04-Feb-11,18450.07,18542.2,17926.98,18008.15
07-Feb-11,18135.02,18180.94,17977.01,18037.19
08-Feb-11,18141.51,18141.51,17742.18,17775.7
09-Feb-11,17723.99,17864.32,17508.35,17592.77
10-Feb-11,17603.29,17636.88,17362.59,17463.04
11-Feb-11,17519.13,17752.56,17295.62,17728.61
14-Feb-11,17940.16,18227.62,17857.12,18202.2
15-Feb-11,18260.08,18361.66,18050.48,18273.8
16-Feb-11,18273.06,18358.84,18216.12,18300.9
17-Feb-11,18345.12,18532.61,18233.79,18506.82
18-Feb-11,18564.08,18690.97,18159.82,18211.52
21-Feb-11,18238.54,18457.49,18082.66,18438.31
22-Feb-11,18390.72,18457.9,18187.33,18296.16
23-Feb-11,18233.77,18377.48,18150.01,18178.33
24-Feb-11,18135.12,18135.12,17559.7,17632.41
25-Feb-11,17775.08,17812.44,17469.97,17700.91
28-Feb-11,17811.08,18296.53,17718.88,17823.4
01-Mar-11,17982.28,18478.68,17964.39,18446.5
03-Mar-11,18318.32,18603.57,18253.62,18489.76
04-Mar-11,18622.7,18736.97,18448.69,18486.45
07-Mar-11,18361.65,18361.65,18058.71,18222.67
08-Mar-11,18277.34,18466.81,18266.62,18439.65
09-Mar-11,18522.8,18583.3,18303.8,18469.95
10-Mar-11,18430.84,18430.84,18261.26,18327.98
11-Mar-11,18248.11,18368.43,18063.29,18174.09
14-Mar-11,18167.1,18463.84,18155.43,18439.48
15-Mar-11,18113.79,18326.33,17920.55,18167.64
16-Mar-11,18263.68,18444.47,18263.68,18358.69
17-Mar-11,18227.16,18354.27,18104.02,18149.87
18-Mar-11,18251.18,18259.61,17849.53,17878.81
21-Mar-11,17984.72,18007.73,17792.17,17839.05
22-Mar-11,17929.09,18041.38,17878.8,17988.3
23-Mar-11,17972.04,18218.28,17950.17,18206.16
24-Mar-11,18286.42,18373.97,18269.32,18350.74
25-Mar-11,18480.69,18858.3,18480.69,18815.64
28-Mar-11,18799.71,19024.18,18799.57,18943.14
29-Mar-11,18949.57,19226.21,18944.82,19120.8
30-Mar-11,19178.77,19357.1,19178.77,19290.18
31-Mar-11,19339.75,19575.16,19284.35,19445.22
01-Apr-11,19463.11,19562.55,19382.35,19420.39
04-Apr-11,19473.93,19729.6,19449.36,19701.73
05-Apr-11,19731.38,19770.21,19523.54,19686.82
06-Apr-11,19698.61,19811.14,19550.55,19612.2
07-Apr-11,19620.88,19665.09,19537.02,19591.18
08-Apr-11,19602.81,19697.21,19388.42,19451.45
11-Apr-11,19382.91,19426.3,19242.59,19262.54
13-Apr-11,19187.01,19737.33,19101.63,19696.86
15-Apr-11,19670.07,19700.96,19337.12,19386.82
18-Apr-11,19389.74,19649.22,19071.47,19091.17
19-Apr-11,19091.78,19201.92,18976.19,19121.83
20-Apr-11,19274.21,19484.77,19171.03,19470.98
21-Apr-11,19582.5,19695.98,19530.5,19602.23
25-Apr-11,19538.52,19697.49,19531.34,19584.31
26-Apr-11,19596.32,19626.13,19306.92,19545.35
27-Apr-11,19610.71,19633.63,19412.79,19448.69
28-Apr-11,19532.85,19542.05,19265.92,19292.02
29-Apr-11,19292.57,19356.5,19015.05,19135.96
02-May-11,19224.05,19253.87,18954.76,18998.02
03-May-11,18979.31,19024.95,18502.42,18534.69
04-May-11,18558.33,18604.36,18339.53,18469.36
05-May-11,18484.71,18569.21,18160.65,18210.58
06-May-11,18289.78,18568.48,18271.68,18518.81
09-May-11,18628.63,18643.58,18367.21,18528.96
10-May-11,18564.95,18689.37,18429.06,18512.77
11-May-11,18572.61,18622.44,18454.93,18584.96
12-May-11,18525.32,18610.02,18314.34,18335.79
13-May-11,18362.45,18724.54,18280.7,18531.28
16-May-11,18492.68,18492.68,18319.88,18345.03
17-May-11,18374.45,18435.8,18084.67,18137.35
18-May-11,18177.32,18218.2,18020.79,18086.2
19-May-11,18166.64,18198.45,18057.82,18141.4
20-May-11,18199.96,18429.47,18161.38,18326.09
23-May-11,18269.06,18269.06,17971.02,17993.33
24-May-11,18016.43,18110.39,17933.94,18011.97
25-May-11,17976.36,17976.36,17786.13,17847.24
26-May-11,17917.11,18072.61,17862.88,18044.64
27-May-11,18105.61,18298.64,18087.16,18266.1
30-May-11,18319.74,18380.17,18199.52,18232.06
31-May-11,18266.61,18526.8,18266.61,18503.28
01-Jun-11,18527.12,18636.12,18514.66,18608.81
02-Jun-11,18425.85,18540.67,18390.57,18494.18
03-Jun-11,18554.4,18672.65,18345.85,18376.48
06-Jun-11,18344.27,18458.63,18258.42,18420.11
07-Jun-11,18355.3,18545.95,18351.24,18495.62
08-Jun-11,18448.4,18505.1,18365.94,18394.29
09-Jun-11,18394.57,18449.64,18327.01,18384.9
10-Jun-11,18390.41,18399.02,18182.9,18268.54
13-Jun-11,18242.25,18313.21,18120.76,18266.03
14-Jun-11,18276.78,18380.19,18261.11,18308.66
15-Jun-11,18298.59,18308.69,18111.21,18132.24
16-Jun-11,18060.11,18155.1,17958.94,17985.88
17-Jun-11,18060.17,18064.76,17844.09,17870.53
20-Jun-11,17925.17,17925.17,17314.38,17506.63
21-Jun-11,17574.37,17714.88,17504.27,17560.3
22-Jun-11,17659.37,17678.86,17492.19,17550.63
23-Jun-11,17526.92,17754.55,17482.21,17727.49
24-Jun-11,17804.94,18268.95,17804.94,18240.68
27-Jun-11,18132.7,18494.11,18132.7,18412.41
28-Jun-11,18493.59,18527.45,18323.44,18492.45
29-Jun-11,18552.19,18715.39,18552.19,18693.86
30-Jun-11,18741.1,18873.39,18723.14,18845.87
01-Jul-11,18974.96,19031.38,18713.07,18762.8
04-Jul-11,18896.24,18942.42,18781.88,18814.48
05-Jul-11,18837.88,18837.88,18694.05,18744.56
06-Jul-11,18730.29,18823.45,18682.6,18726.97
07-Jul-11,18776.62,19097.78,18767.25,19078.3
08-Jul-11,19084.06,19131.7,18817.71,18858.04
11-Jul-11,18823.19,18843.97,18679.49,18721.39
12-Jul-11,18534.11,18589.19,18326.42,18411.62
13-Jul-11,18468.82,18626.41,18465.4,18596.02
14-Jul-11,18563.69,18803.05,18449.23,18618.2
15-Jul-11,18694.19,18936.43,18513.22,18561.92
18-Jul-11,18592.19,18622.56,18469.53,18507.04
19-Jul-11,18521.38,18690.42,18481.83,18653.87
20-Jul-11,18756.31,18765.6,18473.9,18502.38
21-Jul-11,18514.65,18566.99,18415.36,18436.19
22-Jul-11,18565.04,18747.06,18533.43,18722.3
25-Jul-11,18753.35,18932.27,18670.84,18871.29
26-Jul-11,18898.19,18944.6,18481.63,18518.22
27-Jul-11,18571.15,18578.55,18358.76,18432.25
28-Jul-11,18300.55,18327.85,18188.88,18209.52
29-Jul-11,18194.15,18334.27,18131.86,18197.2
01-Aug-11,18352.23,18440.07,18219.25,18314.33
02-Aug-11,18283.55,18283.55,18037.87,18109.89
03-Aug-11,17970.19,18005.76,17859.5,17940.55
04-Aug-11,17983.86,18032.55,17664.73,17693.18
05-Aug-11,17350.37,17358.18,16990.91,17305.87
08-Aug-11,16907.57,17247.87,16759.45,16990.18
09-Aug-11,16517.87,17135.04,16432,16857.91
10-Aug-11,17244.71,17256.46,17022.25,17130.51
11-Aug-11,17056.61,17207.82,17012.95,17059.4
12-Aug-11,17246.88,17246.88,16784.56,16839.63
16-Aug-11,17015.99,17035.49,16673.52,16730.94
17-Aug-11,16782.24,17000.38,16708.98,16840.8
18-Aug-11,16910.27,16916.81,16433.31,16469.79
19-Aug-11,16237.78,16287.72,15987.77,16141.67
22-Aug-11,16155.99,16370.46,16046.48,16341.7
23-Aug-11,16446.85,16549.21,16213.18,16498.47
24-Aug-11,16490.78,16533.22,16253.78,16284.98
25-Aug-11,16338.14,16373.84,16104.34,16146.33
26-Aug-11,16155.55,16256.38,15765.53,15848.83
29-Aug-11,16080.74,16462.03,16068.73,16416.33
30-Aug-11,16585.1,16714.7,16443.35,16676.75
02-Sep-11,16963.67,16989.86,16688.06,16821.46
05-Sep-11,16678.34,16760.07,16561.46,16713.33
06-Sep-11,16663.73,16894.73,16488.3,16862.81
07-Sep-11,16922.31,17157.21,16922.31,17065
08-Sep-11,17118.08,17209.66,16987.37,17165.54
09-Sep-11,17189.75,17211.8,16830.95,16866.97
12-Sep-11,16668.25,16668.25,16393.04,16501.74
13-Sep-11,16618.17,16766.19,16374.68,16467.44
14-Sep-11,16522.71,16754.22,16387.38,16709.6
15-Sep-11,16837.76,16922.4,16545.47,16876.54
16-Sep-11,17047.73,17122.54,16889.58,16933.83
19-Sep-11,16865.93,16865.93,16709.41,16745.35
20-Sep-11,16768.63,17135.44,16758.69,17099.28
21-Sep-11,17128.83,17191.12,17000.61,17065.15
22-Sep-11,16827.85,16833.61,16316.03,16361.15
23-Sep-11,16222.37,16368.41,16052.47,16162.06
26-Sep-11,16209.19,16209.19,15801.01,16051.1
27-Sep-11,16289.32,16551.65,16282.74,16524.03
28-Sep-11,16663.26,16663.26,16363.63,16446.02
29-Sep-11,16387.91,16756.08,16316.66,16698.07
30-Sep-11,16599.74,16745.16,16404.78,16453.76
03-Oct-11,16255.97,16255.97,16056.33,16151.45
04-Oct-11,16081.77,16202.38,15745.43,15864.86
05-Oct-11,15967.72,16044.91,15760.53,15792.41
07-Oct-11,16222.49,16347.48,16148.97,16232.54
10-Oct-11,16270.07,16595.93,16230.77,16557.23
11-Oct-11,16668.15,16774.12,16510.71,16536.47
12-Oct-11,16660.43,16987.06,16608.57,16958.39
13-Oct-11,17048,17084.07,16854.03,16883.92
14-Oct-11,16836.83,17112.45,16828.45,17082.69
17-Oct-11,17176.05,17188.55,16928.38,17025.09
18-Oct-11,16817.38,16824.76,16669.04,16748.29
19-Oct-11,16883.36,17106.99,16874.34,17085.34
20-Oct-11,16911.85,16962.06,16744.99,16936.89
21-Oct-11,16975.79,17032.32,16752.21,16785.64
24-Oct-11,17011.06,17104.88,16898.6,16939.28
25-Oct-11,17012.79,17322.13,16900.26,17254.86
26-Oct-11,17336.34,17350.49,17273.52,17288.83
28-Oct-11,17671.86,17908.13,17671.86,17804.8
31-Oct-11,17806.21,17813.11,17668.27,17705.01
01-Nov-11,17540.55,17661.78,17422.47,17480.83
02-Nov-11,17347.7,17615.92,17337.65,17464.85
03-Nov-11,17430.69,17527.1,17278.03,17481.93
04-Nov-11,17674.7,17702.26,17474.39,17562.61
08-Nov-11,17593.67,17632.23,17455.22,17569.53
09-Nov-11,17641.98,17658.34,17331.23,17362.1
11-Nov-11,17187.89,17279.23,17096.84,17192.82
14-Nov-11,17348.52,17391.99,17094.43,17118.74
15-Nov-11,17081.62,17172.09,16837.56,16882.67
16-Nov-11,16872.3,16878.3,16641.65,16775.87
17-Nov-11,16754.68,16807.15,16408.5,16461.71
18-Nov-11,16387.7,16396.69,16164.99,16371.51
21-Nov-11,16297.03,16297.03,15900.3,15946.1
22-Nov-11,15995.69,16212.95,15970.11,16065.42
23-Nov-11,15969.6,15969.6,15478.69,15699.97
24-Nov-11,15715.81,15901.3,15479.97,15858.49
25-Nov-11,15781.25,15891.05,15645.78,15695.43
28-Nov-11,15890.8,16186.68,15888.28,16167.13
29-Nov-11,16210.37,16210.37,15952.54,16008.34
30-Nov-11,15868.96,16179.56,15849.57,16123.46
01-Dec-11,16555.93,16718.11,16430.61,16483.45
02-Dec-11,16493.98,16888.84,16428.66,16846.83
05-Dec-11,16812.3,16863.1,16691.21,16805.33
07-Dec-11,16830.04,17003.71,16781.62,16877.06
08-Dec-11,16819.74,16847.82,16421.55,16488.24
09-Dec-11,16258.44,16382.57,16142.32,16213.46
12-Dec-11,16354.96,16360.32,15839.96,15870.35
13-Dec-11,15778.62,16079.38,15771.59,16002.51
14-Dec-11,15963.75,16133.41,15855.12,15881.14
15-Dec-11,15739.05,15908.02,15596.22,15836.47
16-Dec-11,15868.78,16068.9,15425.2,15491.35
19-Dec-11,15440.1,15440.1,15190.74,15379.34
20-Dec-11,15436.12,15448.13,15135.86,15175.08
21-Dec-11,15487.75,15727.31,15377.04,15685.21
22-Dec-11,15546.66,15834.63,15472.7,15813.36
23-Dec-11,15863.43,15911.23,15671.28,15738.7
26-Dec-11,15782.17,15998.44,15761.18,15970.75
27-Dec-11,15983.98,16049.12,15799.63,15873.95
28-Dec-11,15854.36,15887.8,15666.46,15727.85
29-Dec-11,15658.94,15724.6,15515.44,15543.93
30-Dec-11,15583.55,15694.05,15406.93,15454.92
02-Jan-12,15534.67,15542.85,15358.02,15517.92
03-Jan-12,15640.56,15970.31,15640.56,15939.36
04-Jan-12,15967.49,16004.69,15822.32,15882.64
05-Jan-12,15893.07,15980.17,15809.31,15857.08
06-Jan-12,15789.08,16001.31,15664.91,15867.73
07-Jan-12,15893.3,15900.3,15835.29,15848.8
09-Jan-12,15840.22,15871.51,15678.3,15814.72
10-Jan-12,15898.32,16180.97,15898.32,16165.09
11-Jan-12,16222.37,16244.7,16127.77,16175.86
12-Jan-12,16117.19,16178.58,15962.59,16037.51
13-Jan-12,16144.57,16257.34,16049.78,16154.62
16-Jan-12,16086.74,16214.36,16037.6,16189.36
17-Jan-12,16270.87,16501.38,16270.87,16466.05
18-Jan-12,16502.42,16517.96,16384.48,16451.47
19-Jan-12,16573.87,16662.06,16572.1,16643.74
20-Jan-12,16745.01,16788.48,16611.71,16739.01
23-Jan-12,16667.02,16784,16659.32,16751.73
24-Jan-12,16806.72,17050.32,16770.01,16995.77
25-Jan-12,17068.85,17130.24,17016.69,17077.18
27-Jan-12,17201.33,17258.97,17106.57,17233.98
30-Jan-12,17138.04,17138.04,16828.33,16863.3
31-Jan-12,16965.58,17238.99,16965.58,17193.55
01-Feb-12,17179.64,17327.21,17061.55,17300.58
02-Feb-12,17438.07,17504.25,17308.28,17431.85
03-Feb-12,17444.25,17630.53,17382.7,17604.96
06-Feb-12,17741.91,17829.72,17595.1,17707.31
07-Feb-12,17813.74,17832.04,17582.49,17622.45
08-Feb-12,17631.69,17809.21,17579.59,17707.32
09-Feb-12,17647.8,17879.46,17609.43,17830.75
10-Feb-12,17817.59,17890.11,17627.14,17748.69
13-Feb-12,17761.7,17849.64,17665.89,17772.84
14-Feb-12,17767.46,17890.33,17742.58,17848.57
15-Feb-12,18000.3,18231.35,18000.3,18202.41
16-Feb-12,18163.05,18182.78,18043.32,18153.99
17-Feb-12,18331.2,18423.06,18234.56,18289.35
21-Feb-12,18303.73,18470.86,18293.8,18428.61
22-Feb-12,18490.87,18523.78,18095.81,18145.25
23-Feb-12,18127.35,18249.53,18005.28,18078.5
24-Feb-12,18079.01,18198.15,17848.93,17923.57
27-Feb-12,17975.19,17975.19,17381.64,17445.75
28-Feb-12,17545.11,17776.82,17530.44,17731.12
29-Feb-12,17919.93,18001.35,17677.97,17752.68
01-Mar-12,17714.62,17717.53,17463.27,17583.97
02-Mar-12,17661.39,17731.88,17504.38,17636.8
03-Mar-12,17648.47,17676.83,17617.88,17636.99
05-Mar-12,17598.42,17598.42,17312.3,17362.87
06-Mar-12,17336.64,17691.96,17128.28,17173.29
07-Mar-12,17127.18,17239.35,17008.77,17145.52
09-Mar-12,17325.82,17531.62,17325.82,17503.24
12-Mar-12,17772.1,17772.1,17494.65,17587.67
13-Mar-12,17680.23,17842.92,17680.23,17813.62
14-Mar-12,18003.15,18040.69,17837.22,17919.3
15-Mar-12,17916.85,17918.25,17622.13,17675.85
16-Mar-12,17656.81,17871,17426.58,17466.2
19-Mar-12,17531.47,17561.46,17226.43,17273.37
20-Mar-12,17308.89,17410.13,17211.73,17316.18
21-Mar-12,17301.16,17622.87,17275.88,17601.71
22-Mar-12,17586.06,17687.01,17136.5,17196.47
23-Mar-12,17257.72,17458.35,17179.33,17361.74
26-Mar-12,17377.59,17377.59,17021.85,17052.78
27-Mar-12,17209.13,17366.84,17061.16,17257.36
28-Mar-12,17234.48,17245.82,17040.12,17121.62
29-Mar-12,17039.85,17109.35,16920.61,17058.61
30-Mar-12,17117.41,17439.51,17105.22,17404.2
